<?xml version="1.0" encoding="utf-8"?>
<tryton>
    <data>

        <!-- webshop root navigation -->
        <record id="webshop__root_cms_menu" model="nereid.cms.menuitem">
            <field name="title">Root Nav</field>
            <field name="sequence" eval="10"/>
            <field name="type_">view</field>
            <field name="target">_self</field>
        </record>

        <!-- webshop root footer navigation -->
        <record id="cms_root_footer" model="nereid.cms.menuitem">
            <field name="title">Footer</field>
            <field name="sequence" eval="10"/>
            <field name="type_">view</field>
            <field name="target">_self</field>
        </record>

        <!-- Create article category: Customer Service -->
        <record id="ac_customer_service" model="nereid.cms.article.category">
            <field name="title">Customer Service</field>
            <field name="unique_name">customer-service</field>
        </record>
        <record id="a_faq" model="nereid.cms.article">
            <field name="title">FAQ</field>
            <field name="uri">faq</field>
            <field name="sequence" eval="10"/>
            <field name="content">Some frequently asked questions</field>
        </record>
        <record id="a_shipping" model="nereid.cms.article">
            <field name="title">Shipping</field>
            <field name="uri">shipping</field>
            <field name="sequence" eval="20"/>
            <field name="content">Some shipping menthods</field>
        </record>
           <record id="a_bulk_order" model="nereid.cms.article">
            <field name="title">Bulk Order</field>
            <field name="uri">bulk-order</field>
            <field name="sequence" eval="30"/>
            <field name="content">Some content related to bult order</field>
        </record>

        <record id="a_customer_stories" model="nereid.cms.article">
            <field name="title">Customer Stories</field>
            <field name="uri">customers-stories</field>
            <field name="sequence" eval="40"/>
            <field name="content">Checkout our customer stories</field>
        </record>
        <record id="customer_service-a_faq"  model="nereid.cms.category-article">
            <field name="category" ref="ac_customer_service"/>
            <field name="article" ref="a_faq"/>
        </record>
        <record id="customer_service-a_shipping"  model="nereid.cms.category-article">
            <field name="category" ref="ac_customer_service"/>
            <field name="article" ref="a_shipping"/>
        </record>
        <record id="customer_service-a_bulk_order"  model="nereid.cms.category-article">
            <field name="category" ref="ac_customer_service"/>
            <field name="article" ref="a_bulk_order"/>
        </record>

        <!-- Create category: About Us-->
        <record id="ac_about_us" model="nereid.cms.article.category">
            <field name="title">About Us</field>
            <field name="unique_name">about-us</field>
        </record>
        <record id="a_our_identity" model="nereid.cms.article">
            <field name="title">Our Identity</field>
            <field name="uri">our-identity</field>
            <field name="sequence" eval="10"/>
            <field name="content">Some thing about the company</field>
        </record>
        <record id="a_career" model="nereid.cms.article">
            <field name="title">Career</field>
            <field name="uri">career</field>
            <field name="sequence" eval="20"/>
            <field name="content">Join us</field>
        </record>
        <record id="ac_about_us-a_our_identity"  model="nereid.cms.category-article">
            <field name="category" ref="ac_about_us"/>
            <field name="article" ref="a_our_identity"/>
        </record>
        <record id="ac_about_us-a_carrer"  model="nereid.cms.category-article">
            <field name="category" ref="ac_about_us"/>
            <field name="article" ref="a_career"/>
        </record>

        <!-- Create category: Contact Us-->
        <record id="ac_contact_us" model="nereid.cms.article.category">
            <field name="title">Contact Us</field>
            <field name="unique_name">contact-us</field>
        </record>
        <record id="a_office_location" model="nereid.cms.article">
            <field name="title">Office Location</field>
            <field name="uri">office-location</field>
            <field name="sequence" eval="10"/>
            <field name="content">Current office location</field>
        </record>
        <record id="ac_contact_us-a_office_location"  model="nereid.cms.category-article">
            <field name="category" ref="ac_contact_us"/>
            <field name="article" ref="a_office_location"/>
        </record>

        <!-- Create category: Press-->
        <record id="ac_press" model="nereid.cms.article.category">
            <field name="title">Press</field>
            <field name="unique_name">press</field>
        </record>
           <record id="a_press_realeases" model="nereid.cms.article">
            <field name="title">Press Realeases</field>
            <field name="uri">press-realeases</field>
            <field name="sequence" eval="10"/>
            <field name="content">Latest press realease</field>
        </record>
        <record id="a_publication" model="nereid.cms.article">
            <field name="title">Publications</field>
            <field name="uri">publications</field>
            <field name="sequence" eval="20"/>
            <field name="content">Latest publication</field>
        </record>
        <record id="a_media" model="nereid.cms.article">
            <field name="title">Media</field>
            <field name="uri">media</field>
            <field name="sequence" eval="30"/>
            <field name="content">We are in news</field>
        </record>
        <record id="ac_press-a_press_releases"  model="nereid.cms.category-article">
            <field name="category" ref="ac_press"/>
            <field name="article" ref="a_press_realeases"/>
        </record>
        <record id="ac_press-a_publication"  model="nereid.cms.category-article">
            <field name="category" ref="ac_press"/>
            <field name="article" ref="a_publication"/>
        </record>
        <record id="ac_press-a_media"  model="nereid.cms.category-article">
            <field name="category" ref="ac_press"/>
            <field name="article" ref="a_media"/>
        </record>

        <!-- Create category: Help-->
        <record id="ac_help" model="nereid.cms.article.category">
            <field name="title">Help</field>
            <field name="unique_name">help</field>
        </record>
        <record id="a_support" model="nereid.cms.article">
            <field name="title">Support</field>
            <field name="uri">support</field>
            <field name="sequence" eval="10"/>
            <field name="content">Minicube PCR Support</field>
        </record>
         <record id="a_software" model="nereid.cms.article">
            <field name="title">Software</field>
            <field name="uri">software</field>
            <field name="sequence" eval="20"/>
            <field name="content">Minicube PCR Software</field>
        </record>
         <record id="a_documentation" model="nereid.cms.article">
            <field name="title">Documentation</field>
            <field name="uri">documentation</field>
            <field name="sequence" eval="30"/>
            <field name="content">Minicube PCR Documentation</field>
        </record>
        <record id="ac_help-a_support"  model="nereid.cms.category-article">
            <field name="category" ref="ac_help"/>
            <field name="article" ref="a_support"/>
        </record>
        <record id="ac_help-a_software"  model="nereid.cms.category-article">
            <field name="category" ref="ac_help"/>
            <field name="article" ref="a_software"/>
        </record>
        <record id="ac_help-a_documentation"  model="nereid.cms.category-article">
            <field name="category" ref="ac_help"/>
            <field name="article" ref="a_documentation"/>
        </record>

        <!-- Create Banners and Banner Categories -->
        <record id="home_page_banner" model="nereid.cms.banner.category">
            <field name="name">Home Page Banners</field>
        </record>
        <record id="home_banner_1" model="nereid.cms.banner">
            <field name="name">banner1</field>
            <field name="category" ref="home_page_banner"/>
            <field name="type">remote_image</field>
            <field name="remote_image_url">/static-webshop/images/sample-img/banner1.jpg</field>
            <field name="state">published</field>
        </record>
        <record id="home_banner_2" model="nereid.cms.banner">
            <field name="name">banner2</field>
            <field name="category" ref="home_page_banner"/>
            <field name="type">remote_image</field>
            <field name="remote_image_url">/static-webshop/images/sample-img/banner2.jpg</field>
            <field name="state">published</field>
        </record>
        <record id="home_banner_3" model="nereid.cms.banner">
            <field name="name">banner3</field>
            <field name="category" ref="home_page_banner"/>
            <field name="type">remote_image</field>
            <field name="remote_image_url">/static-webshop/images/sample-img/banner3.jpg</field>
            <field name="state">published</field>
        </record>
    </data>
</tryton>
