<?xml version="1.0" encoding="utf-8"?>
<tryton>
    <data>
        <record id="default_image_folder" model="nereid.static.folder">
            <field name="name">Default Images</field>
            <field name="description">Folder having default images for webshop</field>
        </record>
        <record id="mystery_box" model="nereid.static.file">
            <field name="name">no-product-image.png</field>
            <field name="folder" ref="default_image_folder"/>
            <field name="file_binary">binary-default-image</field>
        </record>
    </data>
</tryton>
